episode_reward_max,episode_reward_min,episode_reward_mean,episode_len_mean,episodes_this_iter,num_healthy_workers,timesteps_total,timesteps_this_iter,agent_timesteps_total,done,episodes_total,training_iteration,trial_id,experiment_id,date,timestamp,time_this_iter_s,time_total_s,pid,hostname,node_ip,time_since_restore,timesteps_since_restore,iterations_since_restore,policy_reward_min/shared_policy,policy_reward_max/shared_policy,policy_reward_mean/shared_policy,hist_stats/episode_reward,hist_stats/episode_lengths,hist_stats/policy_shared_policy_reward,sampler_perf/mean_raw_obs_processing_ms,sampler_perf/mean_inference_ms,sampler_perf/mean_action_processing_ms,sampler_perf/mean_env_wait_ms,sampler_perf/mean_env_render_ms,timers/sample_time_ms,timers/sample_throughput,timers/load_time_ms,timers/load_throughput,timers/learn_time_ms,timers/learn_throughput,timers/update_time_ms,info/num_steps_sampled,info/num_agent_steps_sampled,info/num_steps_trained,info/num_agent_steps_trained,info/num_steps_trained_this_iter,perf/cpu_util_percent,perf/ram_util_percent,info/learner/shared_policy/learner_stats/allreduce_latency,info/learner/shared_policy/learner_stats/cur_kl_coeff,info/learner/shared_policy/learner_stats/cur_lr,info/learner/shared_policy/learner_stats/total_loss,info/learner/shared_policy/learner_stats/policy_loss,info/learner/shared_policy/learner_stats/vf_loss,info/learner/shared_policy/learner_stats/vf_explained_var,info/learner/shared_policy/learner_stats/kl,info/learner/shared_policy/learner_stats/entropy,info/learner/shared_policy/learner_stats/entropy_coeff
-400.0,-400.0,-400.0,10001.0,1,1,1020000,0,2040000,False,99,51,0feef_00000,21a42826982943e18dfdcdb4cf7e69e5,2024-01-05_15-24-47,1704439487,183.9173243045807,10223.732230901718,13632,DESKTOP-CC49RT1,127.0.0.1,183.9173243045807,0,1,-200.0,-200.0,-200.0,[-400.0],[10001],"[-200.0, -200.0]",0.2009551660173339,1.0684875421336661,0.05847482369915318,7.771173135488429,0.0,182484.841,109.598,0.992,20164923.077,1488.007,13440.799,2.475,1020000,2040000,1020000,2040000,0,22.302681992337163,78.54482758620688,0.0,0.2,1e-10,251.33592224121094,-0.00012169038896332473,251.36814880371094,0.011518371105194092,6.173485284790558e-05,3.212654399871826,0.01
-400.0,-600.0,-466.6666666666667,10001.0,2,1,1040000,0,2080000,False,101,52,0feef_00000,21a42826982943e18dfdcdb4cf7e69e5,2024-01-05_15-28-03,1704439683,196.1626214981079,10419.894852399826,13632,DESKTOP-CC49RT1,127.0.0.1,380.0799458026886,0,2,-300.0,-200.0,-233.33333333333334,"[-400.0, -600.0, -400.0]","[10001, 10001, 10001]","[-200.0, -200.0, -300.0, -300.0, -200.0, -200.0]",0.22814245310730227,1.1134686465271992,0.06070912051457569,7.909546697551764,0.0,189580.342,105.496,0.496,40329846.154,1246.947,16039.178,3.221,1040000,2080000,1040000,2080000,0,31.504332129963895,85.86101083032491,0.0,0.1,1e-10,95.79944305419922,-4.4396649262479215e-05,95.8316162109375,0.018495547771453857,1.672784174389097e-05,3.213383340835571,0.01
-400.0,-600.0,-440.0,10001.0,2,1,1060000,0,2120000,False,103,53,0feef_00000,21a42826982943e18dfdcdb4cf7e69e5,2024-01-05_15-31-29,1704439889,205.33189725875854,10625.226749658585,13632,DESKTOP-CC49RT1,127.0.0.1,585.4118430614471,0,3,-300.0,-200.0,-220.0,"[-400.0, -600.0, -400.0, -400.0, -400.0]","[10001, 10001, 10001, 10001, 10001]","[-200.0, -200.0, -300.0, -300.0, -200.0, -200.0, -200.0, -200.0, -200.0, -200.0]",0.23767530674835888,1.1398983104375442,0.06180650153412502,8.017508788979216,0.0,194791.538,102.674,0.331,60494769.231,1216.368,16442.396,2.634,1060000,2120000,1060000,2120000,0,31.742413793103445,90.73137931034482,0.0,0.05,1e-10,124.59313049316407,-3.88496736765942e-05,124.62531127929688,0.017391455173492432,1.2392409665240578e-05,3.2142629623413086,0.01
-400.0,-600.0,-457.14285714285717,10001.0,2,1,1080000,0,2160000,False,105,54,0feef_00000,21a42826982943e18dfdcdb4cf7e69e5,2024-01-05_15-34-54,1704440094,205.42867040634155,10830.655420064926,13632,DESKTOP-CC49RT1,127.0.0.1,790.8405134677887,0,4,-300.0,-200.0,-228.57142857142858,"[-400.0, -600.0, -400.0, -400.0, -400.0, -600.0, -400.0]","[10001, 10001, 10001, 10001, 10001, 10001, 10001]","[-200.0, -200.0, -300.0, -300.0, -200.0, -200.0, -200.0, -200.0, -200.0, -200.0, -300.0, -300.0, -200.0, -200.0]",0.24362064838297726,1.1549540668834748,0.06239541721475197,8.095009788565395,0.0,197455.899,101.288,0.248,80659692.308,1203.675,16615.777,2.348,1080000,2160000,1080000,2160000,0,28.73551724137931,91.42275862068965,0.0,0.025,1e-10,115.36582489013672,-4.8417281947332744e-05,115.39801177978515,0.016087377071380617,1.6610553525453485e-05,3.213990831375122,0.01
-400.0,-600.0,-466.6666666666667,10001.0,2,1,1100000,0,2200000,False,107,55,0feef_00000,21a42826982943e18dfdcdb4cf7e69e5,2024-01-05_15-39-46,1704440386,291.49733543395996,11122.152755498886,13632,DESKTOP-CC49RT1,127.0.0.1,1082.3378489017487,0,5,-300.0,-200.0,-233.33333333333334,"[-400.0, -600.0, -400.0, -400.0, -400.0, -600.0, -400.0, -600.0, -400.0]","[10001, 10001, 10001, 10001, 10001, 10001, 10001, 10001, 10001]","[-200.0, -200.0, -300.0, -300.0, -200.0, -200.0, -200.0, -200.0, -200.0, -200.0, -300.0, -300.0, -200.0, -200.0, -300.0, -300.0, -200.0, -200.0]",0.2533387336500924,1.190349201945041,0.06385844362199532,8.311716558425369,0.0,216276.311,92.474,0.198,100824615.385,1188.129,16833.183,2.369,1100000,2200000,1100000,2200000,0,56.03082524271844,90.40922330097087,0.0,0.0125,1e-10,85.246875,-4.3425379689754354e-05,85.27906951904296,0.012212467193603516,1.235069096972019e-05,3.214911699295044,0.01
-400.0,-600.0,-472.72727272727275,10001.0,2,1,1120000,0,2240000,False,109,56,0feef_00000,21a42826982943e18dfdcdb4cf7e69e5,2024-01-05_15-45-02,1704440702,315.80884861946106,11437.961604118347,13632,DESKTOP-CC49RT1,127.0.0.1,1398.1466975212097,0,6,-300.0,-200.0,-236.36363636363637,"[-400.0, -600.0, -400.0, -400.0, -400.0, -600.0, -400.0, -600.0, -400.0, -400.0, -600.0]","[10001, 10001, 10001, 10001, 10001, 10001, 10001, 10001, 10001, 10001, 10001]","[-200.0, -200.0, -300.0, -300.0, -200.0, -200.0, -200.0, -200.0, -200.0, -200.0, -300.0, -300.0, -200.0, -200.0, -300.0, -300.0, -200.0, -200.0, -200.0, -200.0, -300.0, -300.0]",0.2636235210649346,1.2337506960452655,0.06565459298471576,8.572932418722333,0.0,232767.924,85.922,0.248,80646768.146,1279.689,15628.8,2.14,1120000,2240000,1120000,2240000,0,60.5476404494382,89.50044943820225,0.0,0.00625,1e-10,147.91101684570313,-6.183067338541015e-05,147.943212890625,0.02028374671936035,2.398754527357383e-05,3.2136003971099854,0.01
-400.0,-600.0,-461.53846153846155,10001.0,2,1,1140000,0,2280000,False,111,57,0feef_00000,21a42826982943e18dfdcdb4cf7e69e5,2024-01-05_15-49-54,1704440994,292.77872228622437,11730.740326404572,13632,DESKTOP-CC49RT1,127.0.0.1,1690.925419807434,0,7,-300.0,-200.0,-230.76923076923077,"[-400.0, -600.0, -400.0, -400.0, -400.0, -600.0, -400.0, -600.0, -400.0, -400.0, -600.0, -400.0, -400.0]","[10001, 10001, 10001, 10001, 10001, 10001, 10001, 10001, 10001, 10001, 10001, 10001, 10001]","[-200.0, -200.0, -300.0, -300.0, -200.0, -200.0, -200.0, -200.0, -200.0, -200.0, -300.0, -300.0, -200.0, -200.0, -300.0, -300.0, -200.0, -200.0, -200.0, -200.0, -300.0, -300.0, -200.0, -200.0, -200.0, -200.0]",0.27357569223118267,1.2723086947206137,0.06724643658711134,8.807661879844902,0.0,241425.978,82.841,0.283,70568748.948,1266.083,15796.757,1.976,1140000,2280000,1140000,2280000,0,56.996852300242125,86.0956416464891,0.0,0.003125,1e-10,126.82533111572266,-5.6492032395993874e-05,126.85751953125,0.018998754024505616,2.2107809982485628e-05,3.213562774658203,0.01
-400.0,-600.0,-466.6666666666667,10001.0,2,1,1160000,0,2320000,False,113,58,0feef_00000,21a42826982943e18dfdcdb4cf7e69e5,2024-01-05_15-53-18,1704441198,203.19556665420532,11933.935893058777,13632,DESKTOP-CC49RT1,127.0.0.1,1894.1209864616394,0,8,-300.0,-200.0,-233.33333333333334,"[-400.0, -600.0, -400.0, -400.0, -400.0, -600.0, -400.0, -600.0, -400.0, -400.0, -600.0, -400.0, -400.0, -600.0, -400.0]","[10001, 10001, 10001, 10001, 10001, 10001, 10001, 10001, 10001, 10001, 10001, 10001, 10001, 10001, 10001]","[-200.0, -200.0, -300.0, -300.0, -200.0, -200.0, -200.0, -200.0, -200.0, -200.0, -300.0, -300.0, -200.0, -200.0, -300.0, -300.0, -200.0, -200.0, -200.0, -200.0, -300.0, -300.0, -200.0, -200.0, -200.0, -200.0, -300.0, -300.0, -200.0, -200.0]",0.2800635374561062,1.296980993912346,0.06831088212033729,8.952565340028615,0.0,236661.286,84.509,0.248,80649998.798,1245.652,16055.854,2.036,1160000,2320000,1160000,2320000,0,29.381533101045296,83.51498257839722,0.0,0.0015625,1e-10,82.08695526123047,-1.2418537007885532e-05,82.11911163330078,0.01986898183822632,1.3196390605374475e-05,3.214418077468872,0.01
-400.0,-600.0,-458.8235294117647,10001.0,2,1,1180000,0,2360000,False,115,59,0feef_00000,21a42826982943e18dfdcdb4cf7e69e5,2024-01-05_15-56-41,1704441401,203.5060212612152,12137.441914319992,13632,DESKTOP-CC49RT1,127.0.0.1,2097.6270077228546,0,9,-300.0,-200.0,-229.41176470588235,"[-400.0, -600.0, -400.0, -400.0, -400.0, -600.0, -400.0, -600.0, -400.0, -400.0, -600.0, -400.0, -400.0, -600.0, -400.0, -400.0, -400.0]","[10001, 10001, 10001, 10001, 10001, 10001, 10001, 10001, 10001, 10001, 10001, 10001, 10001, 10001, 10001, 10001, 10001]","[-200.0, -200.0, -300.0, -300.0, -200.0, -200.0, -200.0, -200.0, -200.0, -200.0, -300.0, -300.0, -200.0, -200.0, -300.0, -300.0, -200.0, -200.0, -200.0, -200.0, -300.0, -300.0, -200.0, -200.0, -200.0, -200.0, -300.0, -300.0, -200.0, -200.0, -200.0, -200.0, -200.0, -200.0]",0.2844966142131886,1.313372732316467,0.06900447396965675,9.04496298406959,0.0,232988.378,85.841,0.22,90731248.648,1223.368,16348.312,1.972,1180000,2360000,1180000,2360000,0,30.527430555555554,82.2704861111111,0.0,0.00078125,1e-10,81.31721954345703,-4.6013859820970283e-05,81.34940643310547,0.026862144470214844,3.085601739751809e-05,3.2134053230285646,0.01
-400.0,-600.0,-452.63157894736844,10001.0,2,1,1200000,0,2400000,False,117,60,0feef_00000,21a42826982943e18dfdcdb4cf7e69e5,2024-01-05_16-00-04,1704441604,202.40761923789978,12339.849533557892,13632,DESKTOP-CC49RT1,127.0.0.1,2300.0346269607544,0,10,-300.0,-200.0,-226.31578947368422,"[-400.0, -600.0, -400.0, -400.0, -400.0, -600.0, -400.0, -600.0, -400.0, -400.0, -600.0, -400.0, -400.0, -600.0, -400.0, -400.0, -400.0, -400.0, -400.0]","[10001, 10001, 10001, 10001, 10001, 10001, 10001, 10001, 10001, 10001, 10001, 10001, 10001, 10001, 10001, 10001, 10001, 10001, 10001]","[-200.0, -200.0, -300.0, -300.0, -200.0, -200.0, -200.0, -200.0, -200.0, -200.0, -300.0, -300.0, -200.0, -200.0, -300.0, -300.0, -200.0, -200.0, -200.0, -200.0, -300.0, -300.0, -200.0, -200.0, -200.0, -200.0, -300.0, -300.0, -200.0, -200.0, -200.0, -200.0, -200.0, -200.0, -200.0, -200.0, -200.0, -200.0]",0.2875565148250271,1.3245010142322877,0.06950372252994623,9.104149015708362,0.0,229921.812,86.986,0.198,100812498.498,1216.304,16443.26,1.921,1200000,2400000,1200000,2400000,0,29.894755244755242,81.66503496503496,0.0,0.000390625,1e-10,100.32386627197266,-5.418438070865505e-05,100.3560562133789,0.01420828104019165,3.2834915771475305e-05,3.2134085178375242,0.01
-400.0,-600.0,-457.14285714285717,10001.0,2,1,1220000,0,2440000,False,119,61,0feef_00000,21a42826982943e18dfdcdb4cf7e69e5,2024-01-05_16-03-30,1704441810,206.4991431236267,12546.348676681519,13632,DESKTOP-CC49RT1,127.0.0.1,2506.533770084381,0,11,-300.0,-200.0,-228.57142857142858,"[-400.0, -600.0, -400.0, -400.0, -400.0, -600.0, -400.0, -600.0, -400.0, -400.0, -600.0, -400.0, -400.0, -600.0, -400.0, -400.0, -400.0, -400.0, -400.0, -400.0, -600.0]","[10001, 10001, 10001, 10001, 10001, 10001, 10001, 10001, 10001, 10001, 10001, 10001, 10001, 10001, 10001, 10001, 10001, 10001, 10001, 10001, 10001]","[-200.0, -200.0, -300.0, -300.0, -200.0, -200.0, -200.0, -200.0, -200.0, -200.0, -300.0, -300.0, -200.0, -200.0, -300.0, -300.0, -200.0, -200.0, -200.0, -200.0, -300.0, -300.0, -200.0, -200.0, -200.0, -200.0, -300.0, -300.0, -200.0, -200.0, -200.0, -200.0, -200.0, -200.0, -200.0, -200.0, -200.0, -200.0, -200.0, -200.0, -300.0, -300.0]",0.2898626209528048,1.332457078734563,0.06988681427651293,9.143237072289816,0.0,232336.222,86.082,0.099,201600769.046,1173.947,17036.542,1.82,1220000,2440000,1220000,2440000,0,30.90479452054795,81.20616438356164,0.0,0.0001953125,1e-10,113.02960510253907,-4.1963938884492793e-05,113.06176452636718,0.02166544198989868,2.1183974498484305e-05,3.211836576461792,0.01
-400.0,-600.0,-452.17391304347825,10001.0,2,1,1240000,0,2480000,False,121,62,0feef_00000,21a42826982943e18dfdcdb4cf7e69e5,2024-01-05_16-06-54,1704442014,203.8158221244812,12750.164498806,13632,DESKTOP-CC49RT1,127.0.0.1,2710.3495922088623,0,12,-300.0,-200.0,-226.08695652173913,"[-400.0, -600.0, -400.0, -400.0, -400.0, -600.0, -400.0, -600.0, -400.0, -400.0, -600.0, -400.0, -400.0, -600.0, -400.0, -400.0, -400.0, -400.0, -400.0, -400.0, -600.0, -400.0, -400.0]","[10001, 10001, 10001, 10001, 10001, 10001, 10001, 10001, 10001, 10001, 10001, 10001, 10001, 10001, 10001, 10001, 10001, 10001, 10001, 10001, 10001, 10001, 10001]","[-200.0, -200.0, -300.0, -300.0, -200.0, -200.0, -200.0, -200.0, -200.0, -200.0, -300.0, -300.0, -200.0, -200.0, -300.0, -300.0, -200.0, -200.0, -200.0, -200.0, -300.0, -300.0, -200.0, -200.0, -200.0, -200.0, -300.0, -300.0, -200.0, -200.0, -200.0, -200.0, -200.0, -200.0, -200.0, -200.0, -200.0, -200.0, -200.0, -200.0, -300.0, -300.0, -200.0, -200.0, -200.0, -200.0]",0.29154093339545434,1.3380669590956247,0.07015389191521536,9.1679931650149,0.0,233018.431,85.83,0.149,134411280.244,1214.074,16473.466,1.722,1240000,2480000,1240000,2480000,0,30.68680555555555,80.94513888888889,0.0,9.765625e-05,1e-10,77.20339965820312,-5.624132244506086e-05,77.23559112548828,0.02187901735305786,2.4764703645407947e-05,3.2132487297058105,0.01
-400.0,-600.0,-456.0,10001.0,2,1,1260000,0,2520000,False,123,63,0feef_00000,21a42826982943e18dfdcdb4cf7e69e5,2024-01-05_16-10-22,1704442222,208.3695216178894,12958.53402042389,13632,DESKTOP-CC49RT1,127.0.0.1,2918.7191138267517,0,13,-300.0,-200.0,-228.0,"[-400.0, -600.0, -400.0, -400.0, -400.0, -600.0, -400.0, -600.0, -400.0, -400.0, -600.0, -400.0, -400.0, -600.0, -400.0, -400.0, -400.0, -400.0, -400.0, -400.0, -600.0, -400.0, -400.0, -400.0, -600.0]","[10001, 10001, 10001, 10001, 10001, 10001, 10001, 10001, 10001, 10001, 10001, 10001, 10001, 10001, 10001, 10001, 10001, 10001, 10001, 10001, 10001, 10001, 10001, 10001, 10001]","[-200.0, -200.0, -300.0, -300.0, -200.0, -200.0, -200.0, -200.0, -200.0, -200.0, -300.0, -300.0, -200.0, -200.0, -300.0, -300.0, -200.0, -200.0, -200.0, -200.0, -300.0, -300.0, -200.0, -200.0, -200.0, -200.0, -300.0, -300.0, -200.0, -200.0, -200.0, -200.0, -200.0, -200.0, -200.0, -200.0, -200.0, -200.0, -200.0, -200.0, -300.0, -300.0, -200.0, -200.0, -200.0, -200.0, -200.0, -200.0, -300.0, -300.0]",0.2927906758196919,1.3422426637673768,0.07036204512463633,9.184092503439434,0.0,233344.315,85.71,0.198,100788273.459,1233.415,16215.146,1.725,1260000,2520000,1260000,2520000,0,32.56033898305085,81.88101694915254,0.0,4.8828125e-05,1e-10,153.968798828125,-9.69797604379874e-05,154.0010192871094,0.018731749057769774,1.85562115064819e-05,3.2119298934936524,0.01
-400.0,-600.0,-459.25925925925924,10001.0,2,1,1280000,0,2560000,False,125,64,0feef_00000,21a42826982943e18dfdcdb4cf7e69e5,2024-01-05_16-13-45,1704442425,202.8140640258789,13161.348084449768,13632,DESKTOP-CC49RT1,127.0.0.1,3121.5331778526306,0,14,-300.0,-200.0,-229.62962962962962,"[-400.0, -600.0, -400.0, -400.0, -400.0, -600.0, -400.0, -600.0, -400.0, -400.0, -600.0, -400.0, -400.0, -600.0, -400.0, -400.0, -400.0, -400.0, -400.0, -400.0, -600.0, -400.0, -400.0, -400.0, -600.0, -400.0, -600.0]","[10001, 10001, 10001, 10001, 10001, 10001, 10001, 10001, 10001, 10001, 10001, 10001, 10001, 10001, 10001, 10001, 10001, 10001, 10001, 10001, 10001, 10001, 10001, 10001, 10001, 10001, 10001]","[-200.0, -200.0, -300.0, -300.0, -200.0, -200.0, -200.0, -200.0, -200.0, -200.0, -300.0, -300.0, -200.0, -200.0, -300.0, -300.0, -200.0, -200.0, -200.0, -200.0, -300.0, -300.0, -200.0, -200.0, -200.0, -200.0, -300.0, -300.0, -200.0, -200.0, -200.0, -200.0, -200.0, -200.0, -200.0, -200.0, -200.0, -200.0, -200.0, -200.0, -300.0, -300.0, -200.0, -200.0, -200.0, -200.0, -200.0, -200.0, -300.0, -300.0, -200.0, -200.0, -300.0, -300.0]",0.2937006705688105,1.3451755347575802,0.0705178753192559,9.192929989076122,0.0,233113.735,85.795,0.251,79830681.386,1222.453,16360.545,1.675,1280000,2560000,1280000,2560000,0,30.38257839721254,81.80348432055749,0.0,2.44140625e-05,1e-10,149.73510131835937,3.646096236309404e-05,149.7671691894531,0.023130953311920166,2.4168660712309276e-05,3.21083984375,0.01
-400.0,-600.0,-462.0689655172414,10001.0,2,1,1300000,0,2600000,False,127,65,0feef_00000,21a42826982943e18dfdcdb4cf7e69e5,2024-01-05_16-17-10,1704442630,205.0952866077423,13366.44337105751,13632,DESKTOP-CC49RT1,127.0.0.1,3326.628464460373,0,15,-300.0,-200.0,-231.0344827586207,"[-400.0, -600.0, -400.0, -400.0, -400.0, -600.0, -400.0, -600.0, -400.0, -400.0, -600.0, -400.0, -400.0, -600.0, -400.0, -400.0, -400.0, -400.0, -400.0, -400.0, -600.0, -400.0, -400.0, -400.0, -600.0, -400.0, -600.0, -600.0, -400.0]","[10001, 10001, 10001, 10001, 10001, 10001, 10001, 10001, 10001, 10001, 10001, 10001, 10001, 10001, 10001, 10001, 10001, 10001, 10001, 10001, 10001, 10001, 10001, 10001, 10001, 10001, 10001, 10001, 10001]","[-200.0, -200.0, -300.0, -300.0, -200.0, -200.0, -200.0, -200.0, -200.0, -200.0, -300.0, -300.0, -200.0, -200.0, -300.0, -300.0, -200.0, -200.0, -200.0, -200.0, -300.0, -300.0, -200.0, -200.0, -200.0, -200.0, -300.0, -300.0, -200.0, -200.0, -200.0, -200.0, -200.0, -200.0, -200.0, -200.0, -200.0, -200.0, -200.0, -200.0, -300.0, -300.0, -200.0, -200.0, -200.0, -200.0, -200.0, -200.0, -300.0, -300.0, -200.0, -200.0, -300.0, -300.0, -300.0, -300.0, -200.0, -200.0]",0.2943676544557835,1.3472933241403864,0.07063371760268287,9.197036008187675,0.0,224468.976,89.099,0.251,79830681.386,1217.295,16429.877,1.576,1300000,2600000,1300000,2600000,0,30.950344827586207,82.25724137931034,0.0,1.220703125e-05,1e-10,110.96609802246094,-7.250711270607723e-05,110.9982925415039,0.028309667110443117,1.2953103853358128e-05,3.2116530895233155,0.01
-400.0,-600.0,-470.96774193548384,10001.0,2,1,1320000,0,2640000,False,129,66,0feef_00000,21a42826982943e18dfdcdb4cf7e69e5,2024-01-05_16-20-31,1704442831,200.37218356132507,13566.815554618835,13632,DESKTOP-CC49RT1,127.0.0.1,3527.000648021698,0,16,-300.0,-200.0,-235.48387096774192,"[-400.0, -600.0, -400.0, -400.0, -400.0, -600.0, -400.0, -600.0, -400.0, -400.0, -600.0, -400.0, -400.0, -600.0, -400.0, -400.0, -400.0, -400.0, -400.0, -400.0, -600.0, -400.0, -400.0, -400.0, -600.0, -400.0, -600.0, -600.0, -400.0, -600.0, -600.0]","[10001, 10001, 10001, 10001, 10001, 10001, 10001, 10001, 10001, 10001, 10001, 10001, 10001, 10001, 10001, 10001, 10001, 10001, 10001, 10001, 10001, 10001, 10001, 10001, 10001, 10001, 10001, 10001, 10001, 10001, 10001]","[-200.0, -200.0, -300.0, -300.0, -200.0, -200.0, -200.0, -200.0, -200.0, -200.0, -300.0, -300.0, -200.0, -200.0, -300.0, -300.0, -200.0, -200.0, -200.0, -200.0, -300.0, -300.0, -200.0, -200.0, -200.0, -200.0, -300.0, -300.0, -200.0, -200.0, -200.0, -200.0, -200.0, -200.0, -200.0, -200.0, -200.0, -200.0, -200.0, -200.0, -300.0, -300.0, -200.0, -200.0, -200.0, -200.0, -200.0, -200.0, -300.0, -300.0, -200.0, -200.0, -300.0, -300.0, -300.0, -300.0, -200.0, -200.0, -300.0, -300.0, -300.0, -300.0]",0.29480145799071494,1.3485640636473102,0.07069986791764044,9.197095486578128,0.0,212986.904,93.902,0.201,99544416.756,1150.585,17382.459,1.625,1320000,2640000,1320000,2640000,0,28.348056537102472,82.59257950530035,0.0,6.103515625e-06,1e-10,201.01321411132812,-5.35231982148332e-05,201.0453674316406,0.019029998779296876,1.3059351920219342e-05,3.210862970352173,0.01
-400.0,-600.0,-466.6666666666667,10001.0,2,1,1340000,0,2680000,False,131,67,0feef_00000,21a42826982943e18dfdcdb4cf7e69e5,2024-01-05_16-23-55,1704443035,203.84979486465454,13770.66534948349,13632,DESKTOP-CC49RT1,127.0.0.1,3730.8504428863525,0,17,-300.0,-200.0,-233.33333333333334,"[-400.0, -600.0, -400.0, -400.0, -400.0, -600.0, -400.0, -600.0, -400.0, -400.0, -600.0, -400.0, -400.0, -600.0, -400.0, -400.0, -400.0, -400.0, -400.0, -400.0, -600.0, -400.0, -400.0, -400.0, -600.0, -400.0, -600.0, -600.0, -400.0, -600.0, -600.0, -400.0, -400.0]","[10001, 10001, 10001, 10001, 10001, 10001, 10001, 10001, 10001, 10001, 10001, 10001, 10001, 10001, 10001, 10001, 10001, 10001, 10001, 10001, 10001, 10001, 10001, 10001, 10001, 10001, 10001, 10001, 10001, 10001, 10001, 10001, 10001]","[-200.0, -200.0, -300.0, -300.0, -200.0, -200.0, -200.0, -200.0, -200.0, -200.0, -300.0, -300.0, -200.0, -200.0, -300.0, -300.0, -200.0, -200.0, -200.0, -200.0, -300.0, -300.0, -200.0, -200.0, -200.0, -200.0, -300.0, -300.0, -200.0, -200.0, -200.0, -200.0, -200.0, -200.0, -200.0, -200.0, -200.0, -200.0, -200.0, -200.0, -300.0, -300.0, -200.0, -200.0, -200.0, -200.0, -200.0, -200.0, -300.0, -300.0, -200.0, -200.0, -300.0, -300.0, -300.0, -300.0, -200.0, -200.0, -300.0, -300.0, -300.0, -300.0, -200.0, -200.0, -200.0, -200.0]",0.29508097727469956,1.3492715151486157,0.07073821036869292,9.194734790547512,0.0,204027.963,98.026,0.198,100885243.536,1148.353,17416.244,1.724,1340000,2680000,1340000,2680000,0,29.984375,83.67812500000001,0.0,3.0517578125e-06,1e-10,111.36446838378906,-5.975442994508029e-05,111.396630859375,0.020818769931793213,1.7064045091297332e-05,3.2104013442993162,0.01
-400.0,-600.0,-474.2857142857143,10001.0,2,1,1360000,0,2720000,False,133,68,0feef_00000,21a42826982943e18dfdcdb4cf7e69e5,2024-01-05_16-27-20,1704443240,204.9076268672943,13975.572976350784,13632,DESKTOP-CC49RT1,127.0.0.1,3935.758069753647,0,18,-300.0,-200.0,-237.14285714285714,"[-400.0, -600.0, -400.0, -400.0, -400.0, -600.0, -400.0, -600.0, -400.0, -400.0, -600.0, -400.0, -400.0, -600.0, -400.0, -400.0, -400.0, -400.0, -400.0, -400.0, -600.0, -400.0, -400.0, -400.0, -600.0, -400.0, -600.0, -600.0, -400.0, -600.0, -600.0, -400.0, -400.0, -600.0, -600.0]","[10001, 10001, 10001, 10001, 10001, 10001, 10001, 10001, 10001, 10001, 10001, 10001, 10001, 10001, 10001, 10001, 10001, 10001, 10001, 10001, 10001, 10001, 10001, 10001, 10001, 10001, 10001, 10001, 10001, 10001, 10001, 10001, 10001, 10001, 10001]","[-200.0, -200.0, -300.0, -300.0, -200.0, -200.0, -200.0, -200.0, -200.0, -200.0, -300.0, -300.0, -200.0, -200.0, -300.0, -300.0, -200.0, -200.0, -200.0, -200.0, -300.0, -300.0, -200.0, -200.0, -200.0, -200.0, -300.0, -300.0, -200.0, -200.0, -200.0, -200.0, -200.0, -200.0, -200.0, -200.0, -200.0, -200.0, -200.0, -200.0, -300.0, -300.0, -200.0, -200.0, -200.0, -200.0, -200.0, -200.0, -300.0, -300.0, -200.0, -200.0, -300.0, -300.0, -300.0, -300.0, -200.0, -200.0, -300.0, -300.0, -300.0, -300.0, -200.0, -200.0, -200.0, -200.0, -300.0, -300.0, -300.0, -300.0]",0.2952617499758917,1.349588735183837,0.07076084089024559,9.1907383302949,0.0,204191.216,97.947,0.248,80690727.203,1154.402,17324.994,1.628,1360000,2720000,1360000,2720000,0,28.814827586206896,82.86689655172414,0.0,1.52587890625e-06,1e-10,122.25457305908203,-4.6158861724521215e-05,122.28673095703125,0.01835343837738037,9.41337927140573e-06,3.2111294746398924,0.01
-400.0,-600.0,-470.27027027027026,10001.0,2,1,1380000,0,2760000,False,135,69,0feef_00000,21a42826982943e18dfdcdb4cf7e69e5,2024-01-05_16-30-46,1704443446,206.5153570175171,14182.088333368301,13632,DESKTOP-CC49RT1,127.0.0.1,4142.273426771164,0,19,-300.0,-200.0,-235.13513513513513,"[-400.0, -600.0, -400.0, -400.0, -400.0, -600.0, -400.0, -600.0, -400.0, -400.0, -600.0, -400.0, -400.0, -600.0, -400.0, -400.0, -400.0, -400.0, -400.0, -400.0, -600.0, -400.0, -400.0, -400.0, -600.0, -400.0, -600.0, -600.0, -400.0, -600.0, -600.0, -400.0, -400.0, -600.0, -600.0, -400.0, -400.0]","[10001, 10001, 10001, 10001, 10001, 10001, 10001, 10001, 10001, 10001, 10001, 10001, 10001, 10001, 10001, 10001, 10001, 10001, 10001, 10001, 10001, 10001, 10001, 10001, 10001, 10001, 10001, 10001, 10001, 10001, 10001, 10001, 10001, 10001, 10001, 10001, 10001]","[-200.0, -200.0, -300.0, -300.0, -200.0, -200.0, -200.0, -200.0, -200.0, -200.0, -300.0, -300.0, -200.0, -200.0, -300.0, -300.0, -200.0, -200.0, -200.0, -200.0, -300.0, -300.0, -200.0, -200.0, -200.0, -200.0, -300.0, -300.0, -200.0, -200.0, -200.0, -200.0, -200.0, -200.0, -200.0, -200.0, -200.0, -200.0, -200.0, -200.0, -300.0, -300.0, -200.0, -200.0, -200.0, -200.0, -200.0, -200.0, -300.0, -300.0, -200.0, -200.0, -300.0, -300.0, -300.0, -300.0, -200.0, -200.0, -300.0, -300.0, -300.0, -300.0, -200.0, -200.0, -200.0, -200.0, -300.0, -300.0, -300.0, -300.0, -200.0, -200.0, -200.0, -200.0]",0.29538869012941704,1.349703398648064,0.07077301819977723,9.18564218789887,0.0,204468.75,97.814,0.297,67248741.382,1182.524,16912.969,1.678,1380000,2760000,1380000,2760000,0,32.18082191780822,81.56986301369864,0.0,7.62939453125e-07,1e-10,131.47925720214843,-3.142362669628085e-05,131.5113983154297,0.020463621616363524,8.64567290914664e-06,3.21022310256958,0.01
-400.0,-600.0,-471.79487179487177,10001.0,2,1,1400000,0,2800000,False,137,70,0feef_00000,21a42826982943e18dfdcdb4cf7e69e5,2024-01-05_16-34-06,1704443646,199.53765606880188,14381.625989437103,13632,DESKTOP-CC49RT1,127.0.0.1,4341.811082839966,0,20,-300.0,-200.0,-235.89743589743588,"[-400.0, -600.0, -400.0, -400.0, -400.0, -600.0, -400.0, -600.0, -400.0, -400.0, -600.0, -400.0, -400.0, -600.0, -400.0, -400.0, -400.0, -400.0, -400.0, -400.0, -600.0, -400.0, -400.0, -400.0, -600.0, -400.0, -600.0, -600.0, -400.0, -600.0, -600.0, -400.0, -400.0, -600.0, -600.0, -400.0, -400.0, -400.0, -600.0]","[10001, 10001, 10001, 10001, 10001, 10001, 10001, 10001, 10001, 10001, 10001, 10001, 10001, 10001, 10001, 10001, 10001, 10001, 10001, 10001, 10001, 10001, 10001, 10001, 10001, 10001, 10001, 10001, 10001, 10001, 10001, 10001, 10001, 10001, 10001, 10001, 10001, 10001, 10001]","[-200.0, -200.0, -300.0, -300.0, -200.0, -200.0, -200.0, -200.0, -200.0, -200.0, -300.0, -300.0, -200.0, -200.0, -300.0, -300.0, -200.0, -200.0, -200.0, -200.0, -300.0, -300.0, -200.0, -200.0, -200.0, -200.0, -300.0, -300.0, -200.0, -200.0, -200.0, -200.0, -200.0, -200.0, -200.0, -200.0, -200.0, -200.0, -200.0, -200.0, -300.0, -300.0, -200.0, -200.0, -200.0, -200.0, -200.0, -200.0, -300.0, -300.0, -200.0, -200.0, -300.0, -300.0, -300.0, -300.0, -200.0, -200.0, -300.0, -300.0, -300.0, -300.0, -200.0, -200.0, -200.0, -200.0, -300.0, -300.0, -300.0, -300.0, -200.0, -200.0, -200.0, -200.0, -200.0, -200.0, -300.0, -300.0]",0.29544419919184717,1.3495099740028713,0.07076723649722105,9.179105792065434,0.0,204226.667,97.93,0.297,67248741.382,1166.851,17140.146,1.677,1400000,2800000,1400000,2800000,0,28.369858156028368,81.70709219858156,0.0,3.814697265625e-07,1e-10,174.53508911132812,-2.803914963500631e-05,174.56722412109374,0.023741555213928223,2.0097750663516933e-05,3.210139608383179,0.01
-400.0,-600.0,-473.1707317073171,10001.0,2,1,1420000,0,2840000,False,139,71,0feef_00000,21a42826982943e18dfdcdb4cf7e69e5,2024-01-05_16-37-26,1704443846,200.57474732398987,14582.200736761093,13632,DESKTOP-CC49RT1,127.0.0.1,4542.385830163956,0,21,-300.0,-200.0,-236.58536585365854,"[-400.0, -600.0, -400.0, -400.0, -400.0, -600.0, -400.0, -600.0, -400.0, -400.0, -600.0, -400.0, -400.0, -600.0, -400.0, -400.0, -400.0, -400.0, -400.0, -400.0, -600.0, -400.0, -400.0, -400.0, -600.0, -400.0, -600.0, -600.0, -400.0, -600.0, -600.0, -400.0, -400.0, -600.0, -600.0, -400.0, -400.0, -400.0, -600.0, -400.0, -600.0]","[10001, 10001, 10001, 10001, 10001, 10001, 10001, 10001, 10001, 10001, 10001, 10001, 10001, 10001, 10001, 10001, 10001, 10001, 10001, 10001, 10001, 10001, 10001, 10001, 10001, 10001, 10001, 10001, 10001, 10001, 10001, 10001, 10001, 10001, 10001, 10001, 10001, 10001, 10001, 10001, 10001]","[-200.0, -200.0, -300.0, -300.0, -200.0, -200.0, -200.0, -200.0, -200.0, -200.0, -300.0, -300.0, -200.0, -200.0, -300.0, -300.0, -200.0, -200.0, -200.0, -200.0, -300.0, -300.0, -200.0, -200.0, -200.0, -200.0, -300.0, -300.0, -200.0, -200.0, -200.0, -200.0, -200.0, -200.0, -200.0, -200.0, -200.0, -200.0, -200.0, -200.0, -300.0, -300.0, -200.0, -200.0, -200.0, -200.0, -200.0, -200.0, -300.0, -300.0, -200.0, -200.0, -300.0, -300.0, -300.0, -300.0, -200.0, -200.0, -300.0, -300.0, -300.0, -300.0, -200.0, -200.0, -200.0, -200.0, -300.0, -300.0, -300.0, -300.0, -200.0, -200.0, -200.0, -200.0, -200.0, -200.0, -300.0, -300.0, -200.0, -200.0, -300.0, -300.0]",0.29543665251439316,1.349113394780032,0.0707538158580491,9.171557019296543,0.0,203580.744,98.241,0.347,57637817.782,1202.613,16630.459,1.698,1420000,2840000,1420000,2840000,0,28.34401408450704,81.76619718309858,0.0,1.9073486328125e-07,1e-10,137.96507873535157,-3.714183778411595e-05,137.99720153808593,0.023881816864013673,1.1405580659129555e-05,3.208257722854614,0.01
-200.0,-600.0,-469.7674418604651,10001.0,2,1,1440000,0,2880000,False,141,72,0feef_00000,21a42826982943e18dfdcdb4cf7e69e5,2024-01-05_16-40-55,1704444055,208.35715222358704,14790.55788898468,13632,DESKTOP-CC49RT1,127.0.0.1,4750.742982387543,0,22,-300.0,-100.0,-234.88372093023256,"[-400.0, -600.0, -400.0, -400.0, -400.0, -600.0, -400.0, -600.0, -400.0, -400.0, -600.0, -400.0, -400.0, -600.0, -400.0, -400.0, -400.0, -400.0, -400.0, -400.0, -600.0, -400.0, -400.0, -400.0, -600.0, -400.0, -600.0, -600.0, -400.0, -600.0, -600.0, -400.0, -400.0, -600.0, -600.0, -400.0, -400.0, -400.0, -600.0, -400.0, -600.0, -200.0, -600.0]","[10001, 10001, 10001, 10001, 10001, 10001, 10001, 10001, 10001, 10001, 10001, 10001, 10001, 10001, 10001, 10001, 10001, 10001, 10001, 10001, 10001, 10001, 10001, 10001, 10001, 10001, 10001, 10001, 10001, 10001, 10001, 10001, 10001, 10001, 10001, 10001, 10001, 10001, 10001, 10001, 10001, 10001, 10001]","[-200.0, -200.0, -300.0, -300.0, -200.0, -200.0, -200.0, -200.0, -200.0, -200.0, -300.0, -300.0, -200.0, -200.0, -300.0, -300.0, -200.0, -200.0, -200.0, -200.0, -300.0, -300.0, -200.0, -200.0, -200.0, -200.0, -300.0, -300.0, -200.0, -200.0, -200.0, -200.0, -200.0, -200.0, -200.0, -200.0, -200.0, -200.0, -200.0, -200.0, -300.0, -300.0, -200.0, -200.0, -200.0, -200.0, -200.0, -200.0, -300.0, -300.0, -200.0, -200.0, -300.0, -300.0, -300.0, -300.0, -200.0, -200.0, -300.0, -300.0, -300.0, -300.0, -200.0, -200.0, -200.0, -200.0, -300.0, -300.0, -300.0, -300.0, -200.0, -200.0, -200.0, -200.0, -200.0, -200.0, -300.0, -300.0, -200.0, -200.0, -300.0, -300.0, -100.0, -100.0, -300.0, -300.0]",0.29542837485079143,1.3487342510459621,0.07073935465924949,9.163916871560017,0.0,204108.7,97.987,0.297,67248741.382,1165.713,17156.88,1.545,1440000,2880000,1440000,2880000,0,31.42959183673469,81.68095238095238,0.0,9.5367431640625e-08,1e-10,127.11615905761718,-2.9529390466365158e-05,127.14828491210938,0.02679520845413208,7.024393264565276e-06,3.209376096725464,0.01
-200.0,-600.0,-471.1111111111111,10001.0,2,1,1460000,0,2920000,False,143,73,0feef_00000,21a42826982943e18dfdcdb4cf7e69e5,2024-01-05_16-44-23,1704444263,207.84123015403748,14998.399119138718,13632,DESKTOP-CC49RT1,127.0.0.1,4958.58421254158,0,23,-300.0,-100.0,-235.55555555555554,"[-400.0, -600.0, -400.0, -400.0, -400.0, -600.0, -400.0, -600.0, -400.0, -400.0, -600.0, -400.0, -400.0, -600.0, -400.0, -400.0, -400.0, -400.0, -400.0, -400.0, -600.0, -400.0, -400.0, -400.0, -600.0, -400.0, -600.0, -600.0, -400.0, -600.0, -600.0, -400.0, -400.0, -600.0, -600.0, -400.0, -400.0, -400.0, -600.0, -400.0, -600.0, -200.0, -600.0, -400.0, -600.0]","[10001, 10001, 10001, 10001, 10001, 10001, 10001, 10001, 10001, 10001, 10001, 10001, 10001, 10001, 10001, 10001, 10001, 10001, 10001, 10001, 10001, 10001, 10001, 10001, 10001, 10001, 10001, 10001, 10001, 10001, 10001, 10001, 10001, 10001, 10001, 10001, 10001, 10001, 10001, 10001, 10001, 10001, 10001, 10001, 10001]","[-200.0, -200.0, -300.0, -300.0, -200.0, -200.0, -200.0, -200.0, -200.0, -200.0, -300.0, -300.0, -200.0, -200.0, -300.0, -300.0, -200.0, -200.0, -200.0, -200.0, -300.0, -300.0, -200.0, -200.0, -200.0, -200.0, -300.0, -300.0, -200.0, -200.0, -200.0, -200.0, -200.0, -200.0, -200.0, -200.0, -200.0, -200.0, -200.0, -200.0, -300.0, -300.0, -200.0, -200.0, -200.0, -200.0, -200.0, -200.0, -300.0, -300.0, -200.0, -200.0, -300.0, -300.0, -300.0, -300.0, -200.0, -200.0, -300.0, -300.0, -300.0, -300.0, -200.0, -200.0, -200.0, -200.0, -300.0, -300.0, -300.0, -300.0, -200.0, -200.0, -200.0, -200.0, -200.0, -200.0, -300.0, -300.0, -200.0, -200.0, -300.0, -300.0, -100.0, -100.0, -300.0, -300.0, -200.0, -200.0, -300.0, -300.0]",0.29540324591618844,1.3483804309386362,0.07072517183738447,9.156193732114339,0.0,204025.355,98.027,0.297,67270312.751,1157.532,17278.144,1.542,1460000,2920000,1460000,2920000,0,32.31292517006803,81.55918367346939,0.0,4.76837158203125e-08,1e-10,73.05527801513672,-3.611153657434585e-05,73.08741302490235,0.040610861778259275,5.589009728290684e-06,3.2098541259765625,0.01
-200.0,-600.0,-472.3404255319149,10001.0,2,1,1480000,0,2960000,False,145,74,0feef_00000,21a42826982943e18dfdcdb4cf7e69e5,2024-01-05_16-47-49,1704444469,206.22138237953186,15204.62050151825,13632,DESKTOP-CC49RT1,127.0.0.1,5164.805594921112,0,24,-300.0,-100.0,-236.17021276595744,"[-400.0, -600.0, -400.0, -400.0, -400.0, -600.0, -400.0, -600.0, -400.0, -400.0, -600.0, -400.0, -400.0, -600.0, -400.0, -400.0, -400.0, -400.0, -400.0, -400.0, -600.0, -400.0, -400.0, -400.0, -600.0, -400.0, -600.0, -600.0, -400.0, -600.0, -600.0, -400.0, -400.0, -600.0, -600.0, -400.0, -400.0, -400.0, -600.0, -400.0, -600.0, -200.0, -600.0, -400.0, -600.0, -400.0, -600.0]","[10001, 10001, 10001, 10001, 10001, 10001, 10001, 10001, 10001, 10001, 10001, 10001, 10001, 10001, 10001, 10001, 10001, 10001, 10001, 10001, 10001, 10001, 10001, 10001, 10001, 10001, 10001, 10001, 10001, 10001, 10001, 10001, 10001, 10001, 10001, 10001, 10001, 10001, 10001, 10001, 10001, 10001, 10001, 10001, 10001, 10001, 10001]","[-200.0, -200.0, -300.0, -300.0, -200.0, -200.0, -200.0, -200.0, -200.0, -200.0, -300.0, -300.0, -200.0, -200.0, -300.0, -300.0, -200.0, -200.0, -200.0, -200.0, -300.0, -300.0, -200.0, -200.0, -200.0, -200.0, -300.0, -300.0, -200.0, -200.0, -200.0, -200.0, -200.0, -200.0, -200.0, -200.0, -200.0, -200.0, -200.0, -200.0, -300.0, -300.0, -200.0, -200.0, -200.0, -200.0, -200.0, -200.0, -300.0, -300.0, -200.0, -200.0, -300.0, -300.0, -300.0, -300.0, -200.0, -200.0, -300.0, -300.0, -300.0, -300.0, -200.0, -200.0, -200.0, -200.0, -300.0, -300.0, -300.0, -300.0, -200.0, -200.0, -200.0, -200.0, -200.0, -200.0, -300.0, -300.0, -200.0, -200.0, -300.0, -300.0, -100.0, -100.0, -300.0, -300.0, -200.0, -200.0, -300.0, -300.0, -200.0, -200.0, -300.0, -300.0]",0.2953713277868971,1.3480484886432247,0.07071181330627375,9.148332353858498,0.0,204360.59,97.866,0.292,68428158.904,1154.209,17327.891,1.641,1480000,2960000,1480000,2960000,0,31.926369863013704,81.26609589041097,0.0,2.384185791015625e-08,1e-10,156.65996398925782,-4.0877199248634534e-05,156.69210205078124,0.02691226005554199,5.303226828745622e-06,3.209643077850342,0.01
-200.0,-600.0,-473.46938775510205,10001.0,2,1,1500000,0,3000000,False,147,75,0feef_00000,21a42826982943e18dfdcdb4cf7e69e5,2024-01-05_16-51-12,1704444672,203.06824159622192,15407.688743114471,13632,DESKTOP-CC49RT1,127.0.0.1,5367.873836517334,0,25,-300.0,-100.0,-236.73469387755102,"[-400.0, -600.0, -400.0, -400.0, -400.0, -600.0, -400.0, -600.0, -400.0, -400.0, -600.0, -400.0, -400.0, -600.0, -400.0, -400.0, -400.0, -400.0, -400.0, -400.0, -600.0, -400.0, -400.0, -400.0, -600.0, -400.0, -600.0, -600.0, -400.0, -600.0, -600.0, -400.0, -400.0, -600.0, -600.0, -400.0, -400.0, -400.0, -600.0, -400.0, -600.0, -200.0, -600.0, -400.0, -600.0, -400.0, -600.0, -600.0, -400.0]","[10001, 10001, 10001, 10001, 10001, 10001, 10001, 10001, 10001, 10001, 10001, 10001, 10001, 10001, 10001, 10001, 10001, 10001, 10001, 10001, 10001, 10001, 10001, 10001, 10001, 10001, 10001, 10001, 10001, 10001, 10001, 10001, 10001, 10001, 10001, 10001, 10001, 10001, 10001, 10001, 10001, 10001, 10001, 10001, 10001, 10001, 10001, 10001, 10001]","[-200.0, -200.0, -300.0, -300.0, -200.0, -200.0, -200.0, -200.0, -200.0, -200.0, -300.0, -300.0, -200.0, -200.0, -300.0, -300.0, -200.0, -200.0, -200.0, -200.0, -300.0, -300.0, -200.0, -200.0, -200.0, -200.0, -300.0, -300.0, -200.0, -200.0, -200.0, -200.0, -200.0, -200.0, -200.0, -200.0, -200.0, -200.0, -200.0, -200.0, -300.0, -300.0, -200.0, -200.0, -200.0, -200.0, -200.0, -200.0, -300.0, -300.0, -200.0, -200.0, -300.0, -300.0, -300.0, -300.0, -200.0, -200.0, -300.0, -300.0, -300.0, -300.0, -200.0, -200.0, -200.0, -200.0, -300.0, -300.0, -300.0, -300.0, -200.0, -200.0, -200.0, -200.0, -200.0, -200.0, -300.0, -300.0, -200.0, -200.0, -300.0, -300.0, -100.0, -100.0, -300.0, -300.0, -200.0, -200.0, -300.0, -300.0, -200.0, -200.0, -300.0, -300.0, -300.0, -300.0, -200.0, -200.0]",0.29531001362471254,1.3476255731899696,0.07069493761979237,9.14029411828301,0.0,204159.792,97.962,0.34,58904627.484,1149.199,17403.424,1.591,1500000,3000000,1500000,3000000,0,30.073867595818818,81.34494773519164,0.0,1.1920928955078126e-08,1e-10,107.73046264648437,-1.976939212555706e-05,107.76258239746093,0.027283644676208495,9.548621141108882e-06,3.20995979309082,0.01
-200.0,-600.0,-478.4313725490196,10001.0,2,1,1520000,0,3040000,False,149,76,0feef_00000,21a42826982943e18dfdcdb4cf7e69e5,2024-01-05_16-54-36,1704444876,203.56548643112183,15611.254229545593,13632,DESKTOP-CC49RT1,127.0.0.1,5571.439322948456,0,26,-300.0,-100.0,-239.2156862745098,"[-400.0, -600.0, -400.0, -400.0, -400.0, -600.0, -400.0, -600.0, -400.0, -400.0, -600.0, -400.0, -400.0, -600.0, -400.0, -400.0, -400.0, -400.0, -400.0, -400.0, -600.0, -400.0, -400.0, -400.0, -600.0, -400.0, -600.0, -600.0, -400.0, -600.0, -600.0, -400.0, -400.0, -600.0, -600.0, -400.0, -400.0, -400.0, -600.0, -400.0, -600.0, -200.0, -600.0, -400.0, -600.0, -400.0, -600.0, -600.0, -400.0, -600.0, -600.0]","[10001, 10001, 10001, 10001, 10001, 10001, 10001, 10001, 10001, 10001, 10001, 10001, 10001, 10001, 10001, 10001, 10001, 10001, 10001, 10001, 10001, 10001, 10001, 10001, 10001, 10001, 10001, 10001, 10001, 10001, 10001, 10001, 10001, 10001, 10001, 10001, 10001, 10001, 10001, 10001, 10001, 10001, 10001, 10001, 10001, 10001, 10001, 10001, 10001, 10001, 10001]","[-200.0, -200.0, -300.0, -300.0, -200.0, -200.0, -200.0, -200.0, -200.0, -200.0, -300.0, -300.0, -200.0, -200.0, -300.0, -300.0, -200.0, -200.0, -200.0, -200.0, -300.0, -300.0, -200.0, -200.0, -200.0, -200.0, -300.0, -300.0, -200.0, -200.0, -200.0, -200.0, -200.0, -200.0, -200.0, -200.0, -200.0, -200.0, -200.0, -200.0, -300.0, -300.0, -200.0, -200.0, -200.0, -200.0, -200.0, -200.0, -300.0, -300.0, -200.0, -200.0, -300.0, -300.0, -300.0, -300.0, -200.0, -200.0, -300.0, -300.0, -300.0, -300.0, -200.0, -200.0, -200.0, -200.0, -300.0, -300.0, -300.0, -300.0, -200.0, -200.0, -200.0, -200.0, -200.0, -200.0, -300.0, -300.0, -200.0, -200.0, -300.0, -300.0, -100.0, -100.0, -300.0, -300.0, -200.0, -200.0, -300.0, -300.0, -200.0, -200.0, -300.0, -300.0, -300.0, -300.0, -200.0, -200.0, -300.0, -300.0, -300.0, -300.0]",0.29522836301073163,1.3471397981920354,0.07067604969885358,9.132182693545767,0.0,204474.636,97.812,0.39,51240657.26,1148.605,17412.433,1.59,1520000,3040000,1520000,3040000,0,29.81354166666667,81.30034722222223,0.0,5.960464477539063e-09,1e-10,98.70709075927735,-3.45955557286004e-05,98.73922271728516,0.03288899660110474,1.070012114494645e-05,3.2098484516143797,0.01
-200.0,-600.0,-475.47169811320754,10001.0,2,1,1540000,0,3080000,False,151,77,0feef_00000,21a42826982943e18dfdcdb4cf7e69e5,2024-01-05_16-57-55,1704445075,199.44252681732178,15810.696756362915,13632,DESKTOP-CC49RT1,127.0.0.1,5770.881849765778,0,27,-300.0,-100.0,-237.73584905660377,"[-400.0, -600.0, -400.0, -400.0, -400.0, -600.0, -400.0, -600.0, -400.0, -400.0, -600.0, -400.0, -400.0, -600.0, -400.0, -400.0, -400.0, -400.0, -400.0, -400.0, -600.0, -400.0, -400.0, -400.0, -600.0, -400.0, -600.0, -600.0, -400.0, -600.0, -600.0, -400.0, -400.0, -600.0, -600.0, -400.0, -400.0, -400.0, -600.0, -400.0, -600.0, -200.0, -600.0, -400.0, -600.0, -400.0, -600.0, -600.0, -400.0, -600.0, -600.0, -400.0, -400.0]","[10001, 10001, 10001, 10001, 10001, 10001, 10001, 10001, 10001, 10001, 10001, 10001, 10001, 10001, 10001, 10001, 10001, 10001, 10001, 10001, 10001, 10001, 10001, 10001, 10001, 10001, 10001, 10001, 10001, 10001, 10001, 10001, 10001, 10001, 10001, 10001, 10001, 10001, 10001, 10001, 10001, 10001, 10001, 10001, 10001, 10001, 10001, 10001, 10001, 10001, 10001, 10001, 10001]","[-200.0, -200.0, -300.0, -300.0, -200.0, -200.0, -200.0, -200.0, -200.0, -200.0, -300.0, -300.0, -200.0, -200.0, -300.0, -300.0, -200.0, -200.0, -200.0, -200.0, -300.0, -300.0, -200.0, -200.0, -200.0, -200.0, -300.0, -300.0, -200.0, -200.0, -200.0, -200.0, -200.0, -200.0, -200.0, -200.0, -200.0, -200.0, -200.0, -200.0, -300.0, -300.0, -200.0, -200.0, -200.0, -200.0, -200.0, -200.0, -300.0, -300.0, -200.0, -200.0, -300.0, -300.0, -300.0, -300.0, -200.0, -200.0, -300.0, -300.0, -300.0, -300.0, -200.0, -200.0, -200.0, -200.0, -300.0, -300.0, -300.0, -300.0, -200.0, -200.0, -200.0, -200.0, -200.0, -200.0, -300.0, -300.0, -200.0, -200.0, -300.0, -300.0, -100.0, -100.0, -300.0, -300.0, -200.0, -200.0, -300.0, -300.0, -200.0, -200.0, -300.0, -300.0, -300.0, -300.0, -200.0, -200.0, -300.0, -300.0, -300.0, -300.0, -200.0, -200.0, -200.0, -200.0]",0.295118135968272,1.3465587165579072,0.07065190823909479,9.123835156405171,0.0,204049.002,98.016,0.393,50892483.164,1133.182,17649.421,1.538,1540000,3080000,1540000,3080000,0,28.566312056737583,81.21347517730497,0.0,2.9802322387695314e-09,1e-10,153.0387756347656,-7.9228477101978e-05,153.07097473144532,0.02097907066345215,6.439604423240653e-05,3.21102032661438,0.01
-200.0,-600.0,-472.72727272727275,10001.0,2,1,1560000,0,3120000,False,153,78,0feef_00000,21a42826982943e18dfdcdb4cf7e69e5,2024-01-05_17-01-03,1704445263,187.9753110408783,15998.672067403793,13632,DESKTOP-CC49RT1,127.0.0.1,5958.857160806656,0,28,-300.0,-100.0,-236.36363636363637,"[-400.0, -600.0, -400.0, -400.0, -400.0, -600.0, -400.0, -600.0, -400.0, -400.0, -600.0, -400.0, -400.0, -600.0, -400.0, -400.0, -400.0, -400.0, -400.0, -400.0, -600.0, -400.0, -400.0, -400.0, -600.0, -400.0, -600.0, -600.0, -400.0, -600.0, -600.0, -400.0, -400.0, -600.0, -600.0, -400.0, -400.0, -400.0, -600.0, -400.0, -600.0, -200.0, -600.0, -400.0, -600.0, -400.0, -600.0, -600.0, -400.0, -600.0, -600.0, -400.0, -400.0, -400.0, -400.0]","[10001, 10001, 10001, 10001, 10001, 10001, 10001, 10001, 10001, 10001, 10001, 10001, 10001, 10001, 10001, 10001, 10001, 10001, 10001, 10001, 10001, 10001, 10001, 10001, 10001, 10001, 10001, 10001, 10001, 10001, 10001, 10001, 10001, 10001, 10001, 10001, 10001, 10001, 10001, 10001, 10001, 10001, 10001, 10001, 10001, 10001, 10001, 10001, 10001, 10001, 10001, 10001, 10001, 10001, 10001]","[-200.0, -200.0, -300.0, -300.0, -200.0, -200.0, -200.0, -200.0, -200.0, -200.0, -300.0, -300.0, -200.0, -200.0, -300.0, -300.0, -200.0, -200.0, -200.0, -200.0, -300.0, -300.0, -200.0, -200.0, -200.0, -200.0, -300.0, -300.0, -200.0, -200.0, -200.0, -200.0, -200.0, -200.0, -200.0, -200.0, -200.0, -200.0, -200.0, -200.0, -300.0, -300.0, -200.0, -200.0, -200.0, -200.0, -200.0, -200.0, -300.0, -300.0, -200.0, -200.0, -300.0, -300.0, -300.0, -300.0, -200.0, -200.0, -300.0, -300.0, -300.0, -300.0, -200.0, -200.0, -200.0, -200.0, -300.0, -300.0, -300.0, -300.0, -200.0, -200.0, -200.0, -200.0, -200.0, -200.0, -300.0, -300.0, -200.0, -200.0, -300.0, -300.0, -100.0, -100.0, -300.0, -300.0, -200.0, -200.0, -300.0, -300.0, -200.0, -200.0, -300.0, -300.0, -300.0, -300.0, -200.0, -200.0, -300.0, -300.0, -300.0, -300.0, -200.0, -200.0, -200.0, -200.0, -200.0, -200.0, -200.0, -200.0]",0.2949525087877767,1.3457440169093522,0.0706182872250765,9.114786510926242,0.0,202351.764,98.838,0.343,58246132.482,1121.231,17837.539,1.535,1560000,3120000,1560000,3120000,0,23.13233082706767,80.87781954887218,0.0,1.4901161193847657e-09,1e-10,80.49537658691406,-4.335624836944163e-05,80.52750091552734,0.02978537082672119,8.477331068390547e-06,3.207891511917114,0.01
-200.0,-600.0,-473.6842105263158,10001.0,2,1,1580000,0,3160000,False,155,79,0feef_00000,21a42826982943e18dfdcdb4cf7e69e5,2024-01-05_17-04-11,1704445451,187.60536456108093,16186.277431964874,13632,DESKTOP-CC49RT1,127.0.0.1,6146.462525367737,0,29,-300.0,-100.0,-236.8421052631579,"[-400.0, -600.0, -400.0, -400.0, -400.0, -600.0, -400.0, -600.0, -400.0, -400.0, -600.0, -400.0, -400.0, -600.0, -400.0, -400.0, -400.0, -400.0, -400.0, -400.0, -600.0, -400.0, -400.0, -400.0, -600.0, -400.0, -600.0, -600.0, -400.0, -600.0, -600.0, -400.0, -400.0, -600.0, -600.0, -400.0, -400.0, -400.0, -600.0, -400.0, -600.0, -200.0, -600.0, -400.0, -600.0, -400.0, -600.0, -600.0, -400.0, -600.0, -600.0, -400.0, -400.0, -400.0, -400.0, -400.0, -600.0]","[10001, 10001, 10001, 10001, 10001, 10001, 10001, 10001, 10001, 10001, 10001, 10001, 10001, 10001, 10001, 10001, 10001, 10001, 10001, 10001, 10001, 10001, 10001, 10001, 10001, 10001, 10001, 10001, 10001, 10001, 10001, 10001, 10001, 10001, 10001, 10001, 10001, 10001, 10001, 10001, 10001, 10001, 10001, 10001, 10001, 10001, 10001, 10001, 10001, 10001, 10001, 10001, 10001, 10001, 10001, 10001, 10001]","[-200.0, -200.0, -300.0, -300.0, -200.0, -200.0, -200.0, -200.0, -200.0, -200.0, -300.0, -300.0, -200.0, -200.0, -300.0, -300.0, -200.0, -200.0, -200.0, -200.0, -300.0, -300.0, -200.0, -200.0, -200.0, -200.0, -300.0, -300.0, -200.0, -200.0, -200.0, -200.0, -200.0, -200.0, -200.0, -200.0, -200.0, -200.0, -200.0, -200.0, -300.0, -300.0, -200.0, -200.0, -200.0, -200.0, -200.0, -200.0, -300.0, -300.0, -200.0, -200.0, -300.0, -300.0, -300.0, -300.0, -200.0, -200.0, -300.0, -300.0, -300.0, -300.0, -200.0, -200.0, -200.0, -200.0, -300.0, -300.0, -300.0, -300.0, -200.0, -200.0, -200.0, -200.0, -200.0, -200.0, -300.0, -300.0, -200.0, -200.0, -300.0, -300.0, -100.0, -100.0, -300.0, -300.0, -200.0, -200.0, -300.0, -300.0, -200.0, -200.0, -300.0, -300.0, -300.0, -300.0, -200.0, -200.0, -300.0, -300.0, -300.0, -300.0, -200.0, -200.0, -200.0, -200.0, -200.0, -200.0, -200.0, -200.0, -200.0, -200.0, -300.0, -300.0]",0.2947477287286311,1.3447369314271844,0.07057512008468911,9.105171288103794,0.0,200476.276,99.762,0.346,57764825.782,1093.698,18286.59,1.488,1580000,3160000,1580000,3160000,0,22.77169811320755,80.52867924528302,0.0,7.450580596923829e-10,1e-10,238.8404510498047,-6.309754015703107e-05,238.87258605957032,0.015434110164642334,1.0991077130828587e-05,3.207470417022705,0.01
-200.0,-600.0,-474.5762711864407,10001.0,2,1,1600000,0,3200000,False,157,80,0feef_00000,21a42826982943e18dfdcdb4cf7e69e5,2024-01-05_17-07-33,1704445653,201.83091807365417,16388.10835003853,13632,DESKTOP-CC49RT1,127.0.0.1,6348.293443441391,0,30,-300.0,-100.0,-237.28813559322035,"[-400.0, -600.0, -400.0, -400.0, -400.0, -600.0, -400.0, -600.0, -400.0, -400.0, -600.0, -400.0, -400.0, -600.0, -400.0, -400.0, -400.0, -400.0, -400.0, -400.0, -600.0, -400.0, -400.0, -400.0, -600.0, -400.0, -600.0, -600.0, -400.0, -600.0, -600.0, -400.0, -400.0, -600.0, -600.0, -400.0, -400.0, -400.0, -600.0, -400.0, -600.0, -200.0, -600.0, -400.0, -600.0, -400.0, -600.0, -600.0, -400.0, -600.0, -600.0, -400.0, -400.0, -400.0, -400.0, -400.0, -600.0, -600.0, -400.0]","[10001, 10001, 10001, 10001, 10001, 10001, 10001, 10001, 10001, 10001, 10001, 10001, 10001, 10001, 10001, 10001, 10001, 10001, 10001, 10001, 10001, 10001, 10001, 10001, 10001, 10001, 10001, 10001, 10001, 10001, 10001, 10001, 10001, 10001, 10001, 10001, 10001, 10001, 10001, 10001, 10001, 10001, 10001, 10001, 10001, 10001, 10001, 10001, 10001, 10001, 10001, 10001, 10001, 10001, 10001, 10001, 10001, 10001, 10001]","[-200.0, -200.0, -300.0, -300.0, -200.0, -200.0, -200.0, -200.0, -200.0, -200.0, -300.0, -300.0, -200.0, -200.0, -300.0, -300.0, -200.0, -200.0, -200.0, -200.0, -300.0, -300.0, -200.0, -200.0, -200.0, -200.0, -300.0, -300.0, -200.0, -200.0, -200.0, -200.0, -200.0, -200.0, -200.0, -200.0, -200.0, -200.0, -200.0, -200.0, -300.0, -300.0, -200.0, -200.0, -200.0, -200.0, -200.0, -200.0, -300.0, -300.0, -200.0, -200.0, -300.0, -300.0, -300.0, -300.0, -200.0, -200.0, -300.0, -300.0, -300.0, -300.0, -200.0, -200.0, -200.0, -200.0, -300.0, -300.0, -300.0, -300.0, -200.0, -200.0, -200.0, -200.0, -200.0, -200.0, -300.0, -300.0, -200.0, -200.0, -300.0, -300.0, -100.0, -100.0, -300.0, -300.0, -200.0, -200.0, -300.0, -300.0, -200.0, -200.0, -300.0, -300.0, -300.0, -300.0, -200.0, -200.0, -300.0, -300.0, -300.0, -300.0, -200.0, -200.0, -200.0, -200.0, -200.0, -200.0, -200.0, -200.0, -200.0, -200.0, -300.0, -300.0, -300.0, -300.0, -200.0, -200.0]",0.29454408419134265,1.343743096154073,0.07053248778746492,9.095708496784388,0.0,200663.908,99.669,0.396,50521609.251,1107.288,18062.154,1.441,1600000,3200000,1600000,3200000,0,29.579298245614044,80.5821052631579,0.0,3.7252902984619143e-10,1e-10,141.84146728515626,-7.755136965421627e-05,141.87361755371094,0.025254952907562255,2.1070123017352672e-05,3.2072454929351806,0.01
-200.0,-600.0,-475.40983606557376,10001.0,2,1,1620000,0,3240000,False,159,81,0feef_00000,21a42826982943e18dfdcdb4cf7e69e5,2024-01-05_17-11-00,1704445860,207.4087061882019,16595.51705622673,13632,DESKTOP-CC49RT1,127.0.0.1,6555.702149629593,0,31,-300.0,-100.0,-237.70491803278688,"[-400.0, -600.0, -400.0, -400.0, -400.0, -600.0, -400.0, -600.0, -400.0, -400.0, -600.0, -400.0, -400.0, -600.0, -400.0, -400.0, -400.0, -400.0, -400.0, -400.0, -600.0, -400.0, -400.0, -400.0, -600.0, -400.0, -600.0, -600.0, -400.0, -600.0, -600.0, -400.0, -400.0, -600.0, -600.0, -400.0, -400.0, -400.0, -600.0, -400.0, -600.0, -200.0, -600.0, -400.0, -600.0, -400.0, -600.0, -600.0, -400.0, -600.0, -600.0, -400.0, -400.0, -400.0, -400.0, -400.0, -600.0, -600.0, -400.0, -400.0, -600.0]","[10001, 10001, 10001, 10001, 10001, 10001, 10001, 10001, 10001, 10001, 10001, 10001, 10001, 10001, 10001, 10001, 10001, 10001, 10001, 10001, 10001, 10001, 10001, 10001, 10001, 10001, 10001, 10001, 10001, 10001, 10001, 10001, 10001, 10001, 10001, 10001, 10001, 10001, 10001, 10001, 10001, 10001, 10001, 10001, 10001, 10001, 10001, 10001, 10001, 10001, 10001, 10001, 10001, 10001, 10001, 10001, 10001, 10001, 10001, 10001, 10001]","[-200.0, -200.0, -300.0, -300.0, -200.0, -200.0, -200.0, -200.0, -200.0, -200.0, -300.0, -300.0, -200.0, -200.0, -300.0, -300.0, -200.0, -200.0, -200.0, -200.0, -300.0, -300.0, -200.0, -200.0, -200.0, -200.0, -300.0, -300.0, -200.0, -200.0, -200.0, -200.0, -200.0, -200.0, -200.0, -200.0, -200.0, -200.0, -200.0, -200.0, -300.0, -300.0, -200.0, -200.0, -200.0, -200.0, -200.0, -200.0, -300.0, -300.0, -200.0, -200.0, -300.0, -300.0, -300.0, -300.0, -200.0, -200.0, -300.0, -300.0, -300.0, -300.0, -200.0, -200.0, -200.0, -200.0, -300.0, -300.0, -300.0, -300.0, -200.0, -200.0, -200.0, -200.0, -200.0, -200.0, -300.0, -300.0, -200.0, -200.0, -300.0, -300.0, -100.0, -100.0, -300.0, -300.0, -200.0, -200.0, -300.0, -300.0, -200.0, -200.0, -300.0, -300.0, -300.0, -300.0, -200.0, -200.0, -300.0, -300.0, -300.0, -300.0, -200.0, -200.0, -200.0, -200.0, -200.0, -200.0, -200.0, -200.0, -200.0, -200.0, -300.0, -300.0, -300.0, -300.0, -200.0, -200.0, -200.0, -200.0, -300.0, -300.0]",0.29434886549103806,1.3428170983088772,0.07049318861239781,9.086653262207678,0.0,201401.508,99.304,0.346,57756871.385,1068.052,18725.686,1.374,1620000,3240000,1620000,3240000,0,32.25442176870749,80.58605442176871,0.0,1.8626451492309571e-10,1e-10,76.30120239257812,-3.6695318302193414e-05,76.33329162597656,0.04141614437103271,1.1521877323861229e-05,3.205056381225586,0.01
-200.0,-600.0,-476.1904761904762,10001.0,2,1,1640000,0,3280000,False,161,82,0feef_00000,21a42826982943e18dfdcdb4cf7e69e5,2024-01-05_17-14-24,1704446064,203.69521737098694,16799.212273597717,13632,DESKTOP-CC49RT1,127.0.0.1,6759.39736700058,0,32,-300.0,-100.0,-238.0952380952381,"[-400.0, -600.0, -400.0, -400.0, -400.0, -600.0, -400.0, -600.0, -400.0, -400.0, -600.0, -400.0, -400.0, -600.0, -400.0, -400.0, -400.0, -400.0, -400.0, -400.0, -600.0, -400.0, -400.0, -400.0, -600.0, -400.0, -600.0, -600.0, -400.0, -600.0, -600.0, -400.0, -400.0, -600.0, -600.0, -400.0, -400.0, -400.0, -600.0, -400.0, -600.0, -200.0, -600.0, -400.0, -600.0, -400.0, -600.0, -600.0, -400.0, -600.0, -600.0, -400.0, -400.0, -400.0, -400.0, -400.0, -600.0, -600.0, -400.0, -400.0, -600.0, -400.0, -600.0]","[10001, 10001, 10001, 10001, 10001, 10001, 10001, 10001, 10001, 10001, 10001, 10001, 10001, 10001, 10001, 10001, 10001, 10001, 10001, 10001, 10001, 10001, 10001, 10001, 10001, 10001, 10001, 10001, 10001, 10001, 10001, 10001, 10001, 10001, 10001, 10001, 10001, 10001, 10001, 10001, 10001, 10001, 10001, 10001, 10001, 10001, 10001, 10001, 10001, 10001, 10001, 10001, 10001, 10001, 10001, 10001, 10001, 10001, 10001, 10001, 10001, 10001, 10001]","[-200.0, -200.0, -300.0, -300.0, -200.0, -200.0, -200.0, -200.0, -200.0, -200.0, -300.0, -300.0, -200.0, -200.0, -300.0, -300.0, -200.0, -200.0, -200.0, -200.0, -300.0, -300.0, -200.0, -200.0, -200.0, -200.0, -300.0, -300.0, -200.0, -200.0, -200.0, -200.0, -200.0, -200.0, -200.0, -200.0, -200.0, -200.0, -200.0, -200.0, -300.0, -300.0, -200.0, -200.0, -200.0, -200.0, -200.0, -200.0, -300.0, -300.0, -200.0, -200.0, -300.0, -300.0, -300.0, -300.0, -200.0, -200.0, -300.0, -300.0, -300.0, -300.0, -200.0, -200.0, -200.0, -200.0, -300.0, -300.0, -300.0, -300.0, -200.0, -200.0, -200.0, -200.0, -200.0, -200.0, -300.0, -300.0, -200.0, -200.0, -300.0, -300.0, -100.0, -100.0, -300.0, -300.0, -200.0, -200.0, -300.0, -300.0, -200.0, -200.0, -300.0, -300.0, -300.0, -300.0, -200.0, -200.0, -300.0, -300.0, -300.0, -300.0, -200.0, -200.0, -200.0, -200.0, -200.0, -200.0, -200.0, -200.0, -200.0, -200.0, -300.0, -300.0, -300.0, -300.0, -200.0, -200.0, -200.0, -200.0, -300.0, -300.0, -200.0, -200.0, -300.0, -300.0]",0.29415860620229994,1.3419329420905253,0.07045714130550561,9.077809095459148,0.0,200877.838,99.563,0.346,57756871.385,1085.506,18424.595,1.377,1640000,3280000,1640000,3280000,0,30.26909722222222,80.61631944444444,0.0,9.313225746154786e-11,1e-10,127.66329956054688,-3.566532212730955e-05,127.6954132080078,0.015073585510253906,1.2249582241263823e-05,3.2080954551696776,0.01
-200.0,-600.0,-476.9230769230769,10001.0,2,1,1660000,0,3320000,False,163,83,0feef_00000,21a42826982943e18dfdcdb4cf7e69e5,2024-01-05_17-17-45,1704446265,201.57324504852295,17000.78551864624,13632,DESKTOP-CC49RT1,127.0.0.1,6960.970612049103,0,33,-300.0,-100.0,-238.46153846153845,"[-400.0, -600.0, -400.0, -400.0, -400.0, -600.0, -400.0, -600.0, -400.0, -400.0, -600.0, -400.0, -400.0, -600.0, -400.0, -400.0, -400.0, -400.0, -400.0, -400.0, -600.0, -400.0, -400.0, -400.0, -600.0, -400.0, -600.0, -600.0, -400.0, -600.0, -600.0, -400.0, -400.0, -600.0, -600.0, -400.0, -400.0, -400.0, -600.0, -400.0, -600.0, -200.0, -600.0, -400.0, -600.0, -400.0, -600.0, -600.0, -400.0, -600.0, -600.0, -400.0, -400.0, -400.0, -400.0, -400.0, -600.0, -600.0, -400.0, -400.0, -600.0, -400.0, -600.0, -400.0, -600.0]","[10001, 10001, 10001, 10001, 10001, 10001, 10001, 10001, 10001, 10001, 10001, 10001, 10001, 10001, 10001, 10001, 10001, 10001, 10001, 10001, 10001, 10001, 10001, 10001, 10001, 10001, 10001, 10001, 10001, 10001, 10001, 10001, 10001, 10001, 10001, 10001, 10001, 10001, 10001, 10001, 10001, 10001, 10001, 10001, 10001, 10001, 10001, 10001, 10001, 10001, 10001, 10001, 10001, 10001, 10001, 10001, 10001, 10001, 10001, 10001, 10001, 10001, 10001, 10001, 10001]","[-200.0, -200.0, -300.0, -300.0, -200.0, -200.0, -200.0, -200.0, -200.0, -200.0, -300.0, -300.0, -200.0, -200.0, -300.0, -300.0, -200.0, -200.0, -200.0, -200.0, -300.0, -300.0, -200.0, -200.0, -200.0, -200.0, -300.0, -300.0, -200.0, -200.0, -200.0, -200.0, -200.0, -200.0, -200.0, -200.0, -200.0, -200.0, -200.0, -200.0, -300.0, -300.0, -200.0, -200.0, -200.0, -200.0, -200.0, -200.0, -300.0, -300.0, -200.0, -200.0, -300.0, -300.0, -300.0, -300.0, -200.0, -200.0, -300.0, -300.0, -300.0, -300.0, -200.0, -200.0, -200.0, -200.0, -300.0, -300.0, -300.0, -300.0, -200.0, -200.0, -200.0, -200.0, -200.0, -200.0, -300.0, -300.0, -200.0, -200.0, -300.0, -300.0, -100.0, -100.0, -300.0, -300.0, -200.0, -200.0, -300.0, -300.0, -200.0, -200.0, -300.0, -300.0, -300.0, -300.0, -200.0, -200.0, -300.0, -300.0, -300.0, -300.0, -200.0, -200.0, -200.0, -200.0, -200.0, -200.0, -200.0, -200.0, -200.0, -200.0, -300.0, -300.0, -300.0, -300.0, -200.0, -200.0, -200.0, -200.0, -300.0, -300.0, -200.0, -200.0, -300.0, -300.0, -200.0, -200.0, -300.0, -300.0]",0.2939766596892245,1.3410397366482603,0.07041969218954434,9.069121944629385,0.0,200261.242,99.87,0.346,57760848.31,1091.355,18325.844,1.529,1660000,3320000,1660000,3320000,0,28.75508771929825,80.14035087719299,0.0,4.656612873077393e-11,1e-10,94.96694793701172,-2.5946387893194255e-05,94.99904937744141,0.035204601287841794,1.0850509619686477e-05,3.2074042320251466,0.01
-200.0,-600.0,-474.6268656716418,10001.0,2,1,1680000,0,3360000,False,165,84,0feef_00000,21a42826982943e18dfdcdb4cf7e69e5,2024-01-05_17-21-09,1704446469,203.94915103912354,17204.734669685364,13632,DESKTOP-CC49RT1,127.0.0.1,7164.919763088226,0,34,-300.0,-100.0,-237.3134328358209,"[-400.0, -600.0, -400.0, -400.0, -400.0, -600.0, -400.0, -600.0, -400.0, -400.0, -600.0, -400.0, -400.0, -600.0, -400.0, -400.0, -400.0, -400.0, -400.0, -400.0, -600.0, -400.0, -400.0, -400.0, -600.0, -400.0, -600.0, -600.0, -400.0, -600.0, -600.0, -400.0, -400.0, -600.0, -600.0, -400.0, -400.0, -400.0, -600.0, -400.0, -600.0, -200.0, -600.0, -400.0, -600.0, -400.0, -600.0, -600.0, -400.0, -600.0, -600.0, -400.0, -400.0, -400.0, -400.0, -400.0, -600.0, -600.0, -400.0, -400.0, -600.0, -400.0, -600.0, -400.0, -600.0, -400.0, -400.0]","[10001, 10001, 10001, 10001, 10001, 10001, 10001, 10001, 10001, 10001, 10001, 10001, 10001, 10001, 10001, 10001, 10001, 10001, 10001, 10001, 10001, 10001, 10001, 10001, 10001, 10001, 10001, 10001, 10001, 10001, 10001, 10001, 10001, 10001, 10001, 10001, 10001, 10001, 10001, 10001, 10001, 10001, 10001, 10001, 10001, 10001, 10001, 10001, 10001, 10001, 10001, 10001, 10001, 10001, 10001, 10001, 10001, 10001, 10001, 10001, 10001, 10001, 10001, 10001, 10001, 10001, 10001]","[-200.0, -200.0, -300.0, -300.0, -200.0, -200.0, -200.0, -200.0, -200.0, -200.0, -300.0, -300.0, -200.0, -200.0, -300.0, -300.0, -200.0, -200.0, -200.0, -200.0, -300.0, -300.0, -200.0, -200.0, -200.0, -200.0, -300.0, -300.0, -200.0, -200.0, -200.0, -200.0, -200.0, -200.0, -200.0, -200.0, -200.0, -200.0, -200.0, -200.0, -300.0, -300.0, -200.0, -200.0, -200.0, -200.0, -200.0, -200.0, -300.0, -300.0, -200.0, -200.0, -300.0, -300.0, -300.0, -300.0, -200.0, -200.0, -300.0, -300.0, -300.0, -300.0, -200.0, -200.0, -200.0, -200.0, -300.0, -300.0, -300.0, -300.0, -200.0, -200.0, -200.0, -200.0, -200.0, -200.0, -300.0, -300.0, -200.0, -200.0, -300.0, -300.0, -100.0, -100.0, -300.0, -300.0, -200.0, -200.0, -300.0, -300.0, -200.0, -200.0, -300.0, -300.0, -300.0, -300.0, -200.0, -200.0, -300.0, -300.0, -300.0, -300.0, -200.0, -200.0, -200.0, -200.0, -200.0, -200.0, -200.0, -200.0, -200.0, -200.0, -300.0, -300.0, -300.0, -300.0, -200.0, -200.0, -200.0, -200.0, -300.0, -300.0, -200.0, -200.0, -300.0, -300.0, -200.0, -200.0, -300.0, -300.0, -200.0, -200.0, -200.0, -200.0]",0.2938005099471633,1.3401835842185692,0.0703849384304387,9.060671314712271,0.0,200035.186,99.982,0.299,66846824.448,1098.398,18208.335,1.529,1680000,3360000,1680000,3360000,0,30.558680555555554,79.59375,0.0,2.3283064365386964e-11,1e-10,125.91689605712891,-6.818461415534217e-05,125.94904174804688,0.02579120397567749,6.065654997655656e-06,3.207388925552368,0.01
-200.0,-600.0,-478.2608695652174,10001.0,2,1,1700000,0,3400000,False,167,85,0feef_00000,21a42826982943e18dfdcdb4cf7e69e5,2024-01-05_17-24-22,1704446662,192.16481637954712,17396.89948606491,13632,DESKTOP-CC49RT1,127.0.0.1,7357.084579467773,0,35,-300.0,-100.0,-239.1304347826087,"[-400.0, -600.0, -400.0, -400.0, -400.0, -600.0, -400.0, -600.0, -400.0, -400.0, -600.0, -400.0, -400.0, -600.0, -400.0, -400.0, -400.0, -400.0, -400.0, -400.0, -600.0, -400.0, -400.0, -400.0, -600.0, -400.0, -600.0, -600.0, -400.0, -600.0, -600.0, -400.0, -400.0, -600.0, -600.0, -400.0, -400.0, -400.0, -600.0, -400.0, -600.0, -200.0, -600.0, -400.0, -600.0, -400.0, -600.0, -600.0, -400.0, -600.0, -600.0, -400.0, -400.0, -400.0, -400.0, -400.0, -600.0, -600.0, -400.0, -400.0, -600.0, -400.0, -600.0, -400.0, -600.0, -400.0, -400.0, -600.0, -600.0]","[10001, 10001, 10001, 10001, 10001, 10001, 10001, 10001, 10001, 10001, 10001, 10001, 10001, 10001, 10001, 10001, 10001, 10001, 10001, 10001, 10001, 10001, 10001, 10001, 10001, 10001, 10001, 10001, 10001, 10001, 10001, 10001, 10001, 10001, 10001, 10001, 10001, 10001, 10001, 10001, 10001, 10001, 10001, 10001, 10001, 10001, 10001, 10001, 10001, 10001, 10001, 10001, 10001, 10001, 10001, 10001, 10001, 10001, 10001, 10001, 10001, 10001, 10001, 10001, 10001, 10001, 10001, 10001, 10001]","[-200.0, -200.0, -300.0, -300.0, -200.0, -200.0, -200.0, -200.0, -200.0, -200.0, -300.0, -300.0, -200.0, -200.0, -300.0, -300.0, -200.0, -200.0, -200.0, -200.0, -300.0, -300.0, -200.0, -200.0, -200.0, -200.0, -300.0, -300.0, -200.0, -200.0, -200.0, -200.0, -200.0, -200.0, -200.0, -200.0, -200.0, -200.0, -200.0, -200.0, -300.0, -300.0, -200.0, -200.0, -200.0, -200.0, -200.0, -200.0, -300.0, -300.0, -200.0, -200.0, -300.0, -300.0, -300.0, -300.0, -200.0, -200.0, -300.0, -300.0, -300.0, -300.0, -200.0, -200.0, -200.0, -200.0, -300.0, -300.0, -300.0, -300.0, -200.0, -200.0, -200.0, -200.0, -200.0, -200.0, -300.0, -300.0, -200.0, -200.0, -300.0, -300.0, -100.0, -100.0, -300.0, -300.0, -200.0, -200.0, -300.0, -300.0, -200.0, -200.0, -300.0, -300.0, -300.0, -300.0, -200.0, -200.0, -300.0, -300.0, -300.0, -300.0, -200.0, -200.0, -200.0, -200.0, -200.0, -200.0, -200.0, -200.0, -200.0, -200.0, -300.0, -300.0, -300.0, -300.0, -200.0, -200.0, -200.0, -200.0, -300.0, -300.0, -200.0, -200.0, -300.0, -300.0, -200.0, -200.0, -300.0, -300.0, -200.0, -200.0, -200.0, -200.0, -300.0, -300.0, -300.0, -300.0]",0.29361257698153614,1.3392499825681028,0.07034785337306289,9.052100573678993,0.0,198943.171,100.531,0.302,66323592.663,1106.579,18073.716,1.631,1700000,3400000,1700000,3400000,0,23.279411764705884,78.33713235294117,0.0,1.1641532182693482e-11,1e-10,96.95608825683594,-3.0430764904032513e-05,96.98821868896485,0.03448153734207153,1.3443590430095576e-05,3.2095062255859377,0.01
-200.0,-600.0,-478.8732394366197,10001.0,2,1,1720000,0,3440000,False,169,86,0feef_00000,21a42826982943e18dfdcdb4cf7e69e5,2024-01-05_17-27-33,1704446853,191.0033438205719,17587.902829885483,13632,DESKTOP-CC49RT1,127.0.0.1,7548.087923288345,0,36,-300.0,-100.0,-239.43661971830986,"[-400.0, -600.0, -400.0, -400.0, -400.0, -600.0, -400.0, -600.0, -400.0, -400.0, -600.0, -400.0, -400.0, -600.0, -400.0, -400.0, -400.0, -400.0, -400.0, -400.0, -600.0, -400.0, -400.0, -400.0, -600.0, -400.0, -600.0, -600.0, -400.0, -600.0, -600.0, -400.0, -400.0, -600.0, -600.0, -400.0, -400.0, -400.0, -600.0, -400.0, -600.0, -200.0, -600.0, -400.0, -600.0, -400.0, -600.0, -600.0, -400.0, -600.0, -600.0, -400.0, -400.0, -400.0, -400.0, -400.0, -600.0, -600.0, -400.0, -400.0, -600.0, -400.0, -600.0, -400.0, -600.0, -400.0, -400.0, -600.0, -600.0, -400.0, -600.0]","[10001, 10001, 10001, 10001, 10001, 10001, 10001, 10001, 10001, 10001, 10001, 10001, 10001, 10001, 10001, 10001, 10001, 10001, 10001, 10001, 10001, 10001, 10001, 10001, 10001, 10001, 10001, 10001, 10001, 10001, 10001, 10001, 10001, 10001, 10001, 10001, 10001, 10001, 10001, 10001, 10001, 10001, 10001, 10001, 10001, 10001, 10001, 10001, 10001, 10001, 10001, 10001, 10001, 10001, 10001, 10001, 10001, 10001, 10001, 10001, 10001, 10001, 10001, 10001, 10001, 10001, 10001, 10001, 10001, 10001, 10001]","[-200.0, -200.0, -300.0, -300.0, -200.0, -200.0, -200.0, -200.0, -200.0, -200.0, -300.0, -300.0, -200.0, -200.0, -300.0, -300.0, -200.0, -200.0, -200.0, -200.0, -300.0, -300.0, -200.0, -200.0, -200.0, -200.0, -300.0, -300.0, -200.0, -200.0, -200.0, -200.0, -200.0, -200.0, -200.0, -200.0, -200.0, -200.0, -200.0, -200.0, -300.0, -300.0, -200.0, -200.0, -200.0, -200.0, -200.0, -200.0, -300.0, -300.0, -200.0, -200.0, -300.0, -300.0, -300.0, -300.0, -200.0, -200.0, -300.0, -300.0, -300.0, -300.0, -200.0, -200.0, -200.0, -200.0, -300.0, -300.0, -300.0, -300.0, -200.0, -200.0, -200.0, -200.0, -200.0, -200.0, -300.0, -300.0, -200.0, -200.0, -300.0, -300.0, -100.0, -100.0, -300.0, -300.0, -200.0, -200.0, -300.0, -300.0, -200.0, -200.0, -300.0, -300.0, -300.0, -300.0, -200.0, -200.0, -300.0, -300.0, -300.0, -300.0, -200.0, -200.0, -200.0, -200.0, -200.0, -200.0, -200.0, -200.0, -200.0, -200.0, -300.0, -300.0, -300.0, -300.0, -200.0, -200.0, -200.0, -200.0, -300.0, -300.0, -200.0, -200.0, -300.0, -300.0, -200.0, -200.0, -300.0, -300.0, -200.0, -200.0, -200.0, -200.0, -300.0, -300.0, -300.0, -300.0, -200.0, -200.0, -300.0, -300.0]",0.2934151460495942,1.3382521525241267,0.07030673086425879,9.043408787991101,0.0,197691.019,101.168,0.251,79754782.278,1110.941,18002.758,1.632,1720000,3440000,1720000,3440000,0,23.30925925925926,77.61148148148148,0.0,5.820766091346741e-12,1e-10,137.01884765625,-4.204998850809716e-05,137.0509490966797,0.03386965990066528,9.269792526112042e-06,3.205603742599487,0.01
-200.0,-600.0,-482.1917808219178,10001.0,2,1,1740000,0,3480000,False,171,87,0feef_00000,21a42826982943e18dfdcdb4cf7e69e5,2024-01-05_17-30-45,1704447045,192.36309480667114,17780.265924692154,13632,DESKTOP-CC49RT1,127.0.0.1,7740.4510180950165,0,37,-300.0,-100.0,-241.0958904109589,"[-400.0, -600.0, -400.0, -400.0, -400.0, -600.0, -400.0, -600.0, -400.0, -400.0, -600.0, -400.0, -400.0, -600.0, -400.0, -400.0, -400.0, -400.0, -400.0, -400.0, -600.0, -400.0, -400.0, -400.0, -600.0, -400.0, -600.0, -600.0, -400.0, -600.0, -600.0, -400.0, -400.0, -600.0, -600.0, -400.0, -400.0, -400.0, -600.0, -400.0, -600.0, -200.0, -600.0, -400.0, -600.0, -400.0, -600.0, -600.0, -400.0, -600.0, -600.0, -400.0, -400.0, -400.0, -400.0, -400.0, -600.0, -600.0, -400.0, -400.0, -600.0, -400.0, -600.0, -400.0, -600.0, -400.0, -400.0, -600.0, -600.0, -400.0, -600.0, -600.0, -600.0]","[10001, 10001, 10001, 10001, 10001, 10001, 10001, 10001, 10001, 10001, 10001, 10001, 10001, 10001, 10001, 10001, 10001, 10001, 10001, 10001, 10001, 10001, 10001, 10001, 10001, 10001, 10001, 10001, 10001, 10001, 10001, 10001, 10001, 10001, 10001, 10001, 10001, 10001, 10001, 10001, 10001, 10001, 10001, 10001, 10001, 10001, 10001, 10001, 10001, 10001, 10001, 10001, 10001, 10001, 10001, 10001, 10001, 10001, 10001, 10001, 10001, 10001, 10001, 10001, 10001, 10001, 10001, 10001, 10001, 10001, 10001, 10001, 10001]","[-200.0, -200.0, -300.0, -300.0, -200.0, -200.0, -200.0, -200.0, -200.0, -200.0, -300.0, -300.0, -200.0, -200.0, -300.0, -300.0, -200.0, -200.0, -200.0, -200.0, -300.0, -300.0, -200.0, -200.0, -200.0, -200.0, -300.0, -300.0, -200.0, -200.0, -200.0, -200.0, -200.0, -200.0, -200.0, -200.0, -200.0, -200.0, -200.0, -200.0, -300.0, -300.0, -200.0, -200.0, -200.0, -200.0, -200.0, -200.0, -300.0, -300.0, -200.0, -200.0, -300.0, -300.0, -300.0, -300.0, -200.0, -200.0, -300.0, -300.0, -300.0, -300.0, -200.0, -200.0, -200.0, -200.0, -300.0, -300.0, -300.0, -300.0, -200.0, -200.0, -200.0, -200.0, -200.0, -200.0, -300.0, -300.0, -200.0, -200.0, -300.0, -300.0, -100.0, -100.0, -300.0, -300.0, -200.0, -200.0, -300.0, -300.0, -200.0, -200.0, -300.0, -300.0, -300.0, -300.0, -200.0, -200.0, -300.0, -300.0, -300.0, -300.0, -200.0, -200.0, -200.0, -200.0, -200.0, -200.0, -200.0, -200.0, -200.0, -200.0, -300.0, -300.0, -300.0, -300.0, -200.0, -200.0, -200.0, -200.0, -300.0, -300.0, -200.0, -200.0, -300.0, -300.0, -200.0, -200.0, -300.0, -300.0, -200.0, -200.0, -200.0, -200.0, -300.0, -300.0, -300.0, -300.0, -200.0, -200.0, -300.0, -300.0, -300.0, -300.0, -300.0, -300.0]",0.29320563750236084,1.3372042942686977,0.07026328679676427,9.03469001375689,0.0,196980.297,101.533,0.253,78907045.433,1118.081,17887.797,1.632,1740000,3480000,1740000,3480000,0,23.435661764705884,77.7452205882353,0.0,2.9103830456733705e-12,1e-10,139.20319519042968,-4.8281783355008655e-05,139.23531188964844,0.01679108142852783,9.47558535799864e-06,3.207550811767578,0.01
